0,-0.044250488
0.01,-0.033569336
0.02,0.086364746
0.03,0.024108887
0.04,0.09185791
0.05,-0.009765625
0.06,0.040893555
0.07,-0.035552979
0.08,0.056152344
0.09,-0.055541992
0.1,-0.040740967
0.11,-0.18371582
0.12,-0.179901123
0.13,-0.326538086
0.14,-0.304260254
0.15,-0.381011963
0.16,-0.251464844
0.17,-0.261688232
0.18,-0.119934082
0.19,-0.15411377
0.2,-0.092926025
0.21,-0.189056396
0.22,-0.12512207
0.23,-0.192718506
0.24,-0.074920654
0.25,-0.072479248
0.26,0.112762451
0.27,0.154266357
0.28,0.341186523
0.29,0.3956604
0.3,0.6300354
0.31,0.705566406
0.32,0.897216797
0.33,0.890350342
0.34,1.038970947
0.35,1.031036377
0.36,1.212005615
0.37,1.265716553
0.38,1.55090332
0.39,1.635437012
0.4,1.549835205
0.41,1.469268799
0.42,1.391601563
0.43,1.318969727
0.44,1.248931885
0.45,1.182403564
0.46,1.121673584
0.47,1.06262207
0.48,1.006164551
0.49,0.953979492
0.5,0.904083252
0.51,0.855560303
0.52,0.81161499
0.53,0.767059326
0.54,0.72769165
0.55,0.68939209
0.56,0.65246582
0.57,0.618286133
0.58,0.585632324
0.59,0.55557251
0.6,0.525817871
0.61,-0.028839111
0.62,-0.440368652
0.63,-0.978393555
0.64,-1.321411133
0.65,-1.765594482
0.66,-1.868743896
0.67,-1.869659424
0.68,-1.868743896
0.69,-1.868591309
0.7,-1.868438721
0.71,-1.869049072
0.72,-1.867980957
0.73,-1.864624023
0.74,-1.763458252
0.75,-1.670837402
0.76,-1.583404541
0.77,-1.500091553
0.78,-1.422271729
0.79,-1.346740723
0.8,-1.276550293
0.81,-1.209411621
0.82,-1.146850586
0.83,-1.085968018
0.84,-0.51864624
0.85,-0.052337646
0.86,0.530395508
0.87,0.8644104
0.88,1.198577881
0.89,1.175689697
0.9,1.138153076
0.91,0.79208374
0.92,0.508117676
0.93,0.016326904
0.94,-0.325927734
0.95,-0.763549805
0.96,-0.96206665
0.97,-1.213989258
0.98,-1.151885986
0.99,-1.091003418
1,-1.034240723
1.01,-0.978240967
1.02,-0.927734375
1.03,-0.879058838
1.04,-0.833740234
1.05,-0.78994751
1.06,-0.748748779
1.07,-0.708770752
1.08,-0.670318604
1.09,-0.63583374
1.1,-0.60256958
1.11,-0.569458008
1.12,-0.540771484
1.13,-0.513305664
1.14,-0.485229492
1.15,-0.459442139
1.16,-0.4347229
1.17,-0.412139893
1.18,-0.390777588
1.19,-0.370941162
1.2,-0.351104736
1.21,-0.331420898
1.22,-0.314941406
1.23,-0.298919678
1.24,-0.2684021
1.25,-0.21697998
1.26,-0.002746582
1.27,0.066833496
1.28,0.284729004
1.29,0.315246582
1.3,0.450439453
1.31,0.372772217
1.32,0.398406982
1.33,0.280761719
1.34,0.33203125
1.35,0.240325928
1.36,0.337219238
1.37,0.29006958
1.38,0.433654785
1.39,0.436096191
1.4,0.589599609
1.41,0.59387207
1.42,0.723114014
1.43,0.648498535
1.44,0.727539063
1.45,0.629119873
1.46,0.673980713
1.47,0.56060791
1.48,0.621032715
1.49,0.585021973
1.5,0.735015869
1.51,0.755310059
1.52,0.912780762
1.53,0.852966309
1.54,0.924530029
1.55,0.843963623
1.56,0.885467529
1.57,0.751495361
1.58,0.770263672
1.59,0.651702881
1.6,0.703430176
1.61,0.603179932
1.62,0.671539307
1.63,0.581207275
1.64,0.645294189
1.65,0.58303833
1.66,0.665435791
1.67,0.559234619
1.68,0.600280762
1.69,0.514373779
1.7,0.580749512
1.71,0.481109619
1.72,0.512695313
1.73,0.41229248
1.74,0.493774414
1.75,0.433654785
1.76,0.506439209
1.77,0.402984619
1.78,0.458374023
1.79,0.354919434
1.8,0.395812988
1.81,0.307006836
1.82,0.385284424
1.83,0.326690674
1.84,0.396270752
1.85,0.283966064
1.86,0.286560059
1.87,0.123291016
1.88,0.110473633
1.89,-0.01373291
1.9,0.087585449
1.91,0.108642578
1.92,0.376739502
1.93,0.629272461
1.94,1.154632568
1.95,1.345367432
1.96,1.275024414
1.97,1.207580566
1.98,1.14364624
1.99,1.084136963
2,1.026763916
2.01,0.972747803
2.02,0.922241211
2.03,0.872650146
2.04,0.826721191
2.05,0.675811768
2.06,0.328979492
2.07,-0.099182129
2.08,-0.310211182
2.09,-0.576629639
2.1,-0.623474121
2.11,-0.806121826
2.12,-0.787506104
2.13,-0.893859863
2.14,-0.820922852
2.15,-0.892791748
2.16,-0.796508789
2.17,-0.853424072
2.18,-0.786590576
2.19,-0.924682617
2.2,-0.940551758
2.21,-1.134643555
2.22,-1.188964844
2.23,-1.360473633
2.24,-1.304321289
2.25,-1.35055542
2.26,-1.210174561
2.27,-1.184997559
2.28,-0.999755859
2.29,-0.979003906
2.3,-0.806121826
2.31,-0.804290771
2.32,-0.663146973
2.33,-0.639343262
2.34,-0.485839844
2.35,-0.511627197
2.36,-0.39352417
2.37,-0.41229248
2.38,-0.304107666
2.39,-0.36529541
2.4,-0.274963379
2.41,-0.335845947
2.42,-0.198669434
2.43,-0.15411377
2.44,0.029907227
2.45,0.016021729
2.46,0.115203857
2.47,0.043945313
2.48,0.124359131
2.49,0.060272217
2.5,0.127258301
2.51,0.034942627
2.52,0.134429932
2.53,0.086517334
2.54,0.189361572
2.55,0.144042969
2.56,0.277862549
2.57,0.293731689
2.58,0.484008789
2.59,0.493927002
2.6,0.62789917
2.61,0.579376221
2.62,0.631713867
2.63,0.497283936
2.64,0.501403809
2.65,0.345153809
2.66,0.36315918
2.67,0.244903564
2.68,0.274047852
2.69,0.192718506
2.7,0.294494629
2.71,0.247344971
2.72,0.326843262
2.73,0.28717041
2.74,0.376281738
2.75,0.281524658
2.76,0.329742432
2.77,0.207061768
2.78,0.239715576
2.79,0.127716064
2.8,0.16784668
2.81,0.088806152
2.82,0.146942139
2.83,0.06149292
2.84,0.153808594
2.85,0.113372803
2.86,0.237426758
2.87,0.22064209
2.88,0.350646973
2.89,0.290527344
2.9,0.350494385
2.91,0.217437744
2.92,0.236968994
2.93,0.090484619
2.94,0.099029541
2.95,-0.006256104
2.96,0.019226074
2.97,-0.08682251
2.98,-0.016479492
2.99,-0.074157715
3,0.015258789
3.01,-0.026397705
3.02,0.119018555
3.03,0.226745605
3.04,0.623016357
3.05,0.9765625
3.06,1.427001953
3.07,1.351013184
3.08,1.280059814
3.09,1.213378906
3.1,1.14944458
3.11,1.090087891
3.12,1.031799316
3.13,0.9765625
3.14,0.925598145
3.15,0.876922607
3.16,0.515136719
3.17,-0.099334717
3.18,-0.479431152
3.19,-0.886230469
3.2,-1.016082764
3.21,-1.170654297
3.22,-1.079406738
3.23,-1.068115234
3.24,-0.91583252
3.25,-0.949249268
3.26,-0.876617432
3.27,-1.001739502
3.28,-0.980987549
3.29,-1.136474609
3.3,-1.172485352
3.31,-1.368560791
3.32,-1.375732422
3.33,-1.489562988
3.34,-1.409606934
3.35,-1.416473389
3.36,-1.260070801
3.37,-1.243438721
3.38,-1.068115234
3.39,-1.039123535
3.4,-0.869750977
3.41,-0.861206055
3.42,-0.72052002
3.43,-0.710144043
3.44,-0.5519104
3.45,-0.537414551
3.46,-0.387268066
3.47,-0.379943848
3.48,-0.249023438
3.49,-0.284118652
3.5,-0.177764893
3.51,-0.221405029
3.52,-0.126647949
3.53,-0.218505859
3.54,-0.205841064
3.55,-0.339813232
3.56,-0.336303711
3.57,-0.457000732
3.58,-0.39855957
3.59,-0.454559326
3.6,-0.328063965
3.61,-0.316619873
3.62,-0.145111084
3.63,-0.157318115
3.64,-0.049285889
3.65,-0.137939453
3.66,-0.172119141
3.67,-0.38269043
3.68,-0.416107178
3.69,-0.514526367
3.7,-0.380859375
3.71,-0.293121338
3.72,0.051879883
3.73,0.276641846
3.74,0.624847412
3.75,0.722503662
3.76,0.879364014
3.77,0.833587646
3.78,0.911102295
3.79,0.870513916
3.8,0.9715271
3.81,0.956420898
3.82,1.116638184
3.83,1.131591797
3.84,1.263122559
3.85,1.208496094
3.86,1.250610352
3.87,1.148223877
3.88,1.18850708
3.89,1.08215332
3.9,1.100769043
3.91,0.987091064
3.92,1.000518799
3.93,0.875854492
3.94,0.914611816
3.95,0.841827393
3.96,0.936737061
3.97,0.898132324
3.98,0.982208252
3.99,0.926513672
4,1.018371582
4.01,0.932769775
4.02,0.946044922
4.03,0.781555176
4.04,0.77041626
4.05,0.656280518
4.06,0.682678223
4.07,0.525360107
4.08,0.503082275
4.09,0.345611572
4.1,0.311431885
4.11,0.090637207
4.12,-0.022583008
4.13,-0.258789063
4.14,-0.335540771
4.15,-0.505065918
4.16,-0.491333008
4.17,-0.528869629
4.18,-0.35736084
4.19,-0.246887207
4.2,0.105895996
4.21,0.44418335
4.22,1.002197266
4.23,1.027832031
4.24,0.973052979
4.25,0.923156738
4.26,0.873718262
4.27,0.826416016
4.28,0.784301758
4.29,0.742950439
4.3,0.703582764
4.31,0.666656494
4.32,0.629882813
4.33,0.286254883
4.34,-0.084686279
4.35,-0.492095947
4.36,-0.67779541
4.37,-0.91583252
4.38,-0.965881348
4.39,-1.098632813
4.4,-1.070098877
4.41,-1.149749756
4.42,-1.099090576
4.43,-1.178131104
4.44,-1.127929688
4.45,-1.210327148
4.46,-1.15524292
4.47,-1.279449463
4.48,-1.346130371
4.49,-1.580657959
4.5,-1.645507813
4.51,-1.798095703
4.52,-1.723022461
4.53,-1.678161621
4.54,-1.555328369
4.55,-1.458587646
4.56,-1.219329834
4.57,-1.102142334
4.58,-0.869445801
4.59,-0.79574585
4.6,-0.586090088
4.61,-0.513153076
4.62,-0.356292725
4.63,-0.38482666
4.64,-0.294036865
4.65,-0.336608887
4.66,-0.222015381
4.67,-0.25100708
4.68,-0.153045654
4.69,-0.173797607
4.7,-0.053405762
4.71,-0.055084229
4.72,0.054779053
4.73,0.0050354
4.74,0.074157715
4.75,-0.018157959
4.76,-0.016174316
4.77,-0.134277344
4.78,-0.085754395
4.79,-0.110778809
4.8,0.021972656
4.81,0.036315918
4.82,0.198669434
4.83,0.257110596
4.84,0.416107178
4.85,0.411071777
4.86,0.493927002
4.87,0.435333252
4.88,0.513305664
4.89,0.462341309
4.9,0.527496338
4.91,0.449981689
4.92,0.462493896
4.93,0.345611572
4.94,0.390167236
4.95,0.290374756
4.96,0.323028564
4.97,0.217285156
4.98,0.252838135
4.99,0.194549561
5,0.297393799
5.01,0.310668945
5.02,0.451049805
5.03,0.459899902
5.04,0.53314209
5.05,0.389862061
5.06,0.352478027
5.07,0.186767578
5.08,0.209197998
5.09,0.152740479
5.1,0.248718262
5.11,0.228118896
5.12,0.319519043
5.13,0.262756348
5.14,0.325622559
5.15,0.235137939
5.16,0.254974365
5.17,0.133056641
5.18,0.133666992
5.19,0.0340271
5.2,0.110931396
5.21,0.053405762
5.22,0.123443604
5.23,0.056762695
5.24,0.102386475
5.25,0.009765625
5.26,0.032958984
5.27,-0.035705566
5.28,0.062866211
5.29,0.092773438
5.3,0.342559814
5.31,0.619354248
5.32,1.133880615
5.33,1.581726074
5.34,1.500244141
5.35,1.420593262
5.36,1.346282959
5.37,1.275939941
5.38,1.208496094
5.39,1.143951416
5.4,1.083831787
5.41,1.028594971
5.42,0.973052979
5.43,0.540618896
5.44,0.215148926
5.45,-0.151672363
5.46,-0.335998535
5.47,-0.612030029
5.48,-0.729675293
5.49,-0.927581787
5.5,-0.96572876
5.51,-1.096954346
5.52,-1.068115234
5.53,-1.104736328
5.54,-1.014862061
5.55,-1.058349609
5.56,-1.060638428
5.57,-1.231689453
5.58,-1.307983398
5.59,-1.520996094
5.6,-1.561431885
5.61,-1.687164307
5.62,-1.597747803
5.63,-1.513366699
5.64,-1.433868408
5.65,-1.35559082
5.66,-1.128692627
5.67,-1.034545898
5.68,-0.829772949
5.69,-0.745544434
5.7,-0.535125732
5.71,-0.461120605
5.72,-0.286865234
5.73,-0.277862549
5.74,-0.17791748
5.75,-0.195465088
5.76,-0.099029541
5.77,-0.129699707
5.78,-0.04196167
5.79,-0.084991455
5.8,-0.015563965
5.81,-0.074462891
5.82,0.032348633
5.83,0.042877197
5.84,0.207061768
5.85,0.2684021
5.86,0.4347229
5.87,0.434265137
5.88,0.520324707
5.89,0.454101563
5.9,0.505371094
5.91,0.400085449
5.92,0.442810059
5.93,0.382385254
5.94,0.430755615
5.95,0.357208252
5.96,0.397491455
5.97,0.305480957
5.98,0.336456299
5.99,0.259246826
6,0.286102295
6.01,0.202789307
6.02,0.233459473
6.03,0.132751465
6.04,0.186004639
6.05,0.126953125
6.06,0.20690918
6.07,0.160522461
6.08,0.215148926
6.09,0.181732178
6.1,0.276947021
6.11,0.259857178
6.12,0.345458984
6.13,0.324401855
6.14,0.411529541
6.15,0.375213623
6.16,0.428771973
6.17,0.339050293
6.18,0.383911133
6.19,0.299987793
6.2,0.306243896
6.21,0.204772949
6.22,0.237884521
6.23,0.188903809
6.24,0.278930664
6.25,0.250396729
6.26,0.343322754
6.27,0.298461914
6.28,0.341796875
6.29,0.255432129
6.3,0.277099609
6.31,0.193939209
6.32,0.247192383
6.33,0.170135498
6.34,0.221557617
6.35,0.165710449
6.36,0.210571289
6.37,0.137023926
6.38,0.157165527
6.39,0.076599121
6.4,0.139312744
6.41,0.068969727
6.42,0.143127441
6.43,0.096435547
6.44,0.133056641
6.45,0.043487549
6.46,0.057525635
6.47,-0.06362915
6.48,-0.095062256
6.49,-0.21194458
6.5,-0.176696777
6.51,-0.208892822
6.52,-0.065155029
6.53,0.032653809
6.54,0.322723389
6.55,0.626678467
6.56,1.150665283
6.57,1.473846436
6.58,1.397705078
6.59,1.324157715
6.6,1.253356934
6.61,1.190032959
6.62,1.125793457
6.63,1.066589355
6.64,1.009521484
6.65,0.957946777
6.66,0.906066895
6.67,0.691375732
6.68,0.257415771
6.69,-0.249938965
6.7,-0.568237305
6.71,-0.932617188
6.72,-1.103210449
6.73,-1.320648193
6.74,-1.337432861
6.75,-1.369171143
6.76,-1.242370605
6.77,-1.168518066
6.78,-0.980987549
6.79,-0.936279297
6.8,-0.859832764
6.81,-0.988464355
6.82,-1.09954834
6.83,-1.3722229
6.84,-1.530914307
6.85,-1.689453125
6.86,-1.598815918
6.87,-1.516418457
6.88,-1.435699463
6.89,-1.360321045
6.9,-1.2890625
6.91,-1.113128662
6.92,-0.824737549
6.93,-0.702667236
6.94,-0.511322021
6.95,-0.433502197
6.96,-0.239105225
6.97,-0.184020996
6.98,-0.06729126
6.99,-0.069732666
7,0.036621094
7.01,0.009765625
7.02,0.074157715
7.03,0.013275146
7.04,0.062408447
7.05,0.003967285
7.06,0.095672607
7.07,0.094299316
7.08,0.211639404
7.09,0.213775635
7.1,0.295410156
7.11,0.250854492
7.12,0.283355713
7.13,0.185394287
7.14,0.209197998
7.15,0.141906738
7.16,0.195922852
7.17,0.160522461
7.18,0.24597168
7.19,0.256347656
7.2,0.397491455
7.21,0.421295166
7.22,0.503234863
7.23,0.495758057
7.24,0.568237305
7.25,0.514221191
7.26,0.54901123
7.27,0.454559326
7.28,0.4737854
7.29,0.380554199
7.3,0.391693115
7.31,0.313110352
7.32,0.324554443
7.33,0.28213501
7.34,0.377502441
7.35,0.381317139
7.36,0.471801758
7.37,0.40802002
7.38,0.419006348
7.39,0.296478271
7.4,0.254974365
7.41,0.075073242
7.42,0.005950928
7.43,-0.130310059
7.44,-0.126647949
7.45,-0.155792236
7.46,-0.036010742
7.47,-0.006103516
7.48,0.145721436
7.49,0.16494751
7.5,0.241546631
7.51,0.202331543
7.52,0.196685791
7.53,0.061798096
7.54,0.015106201
7.55,-0.081939697
7.56,-0.036468506
7.57,-0.057678223
7.58,-0.003509521
7.59,-0.054931641
7.6,0.007019043
7.61,-0.040130615
7.62,0.008850098
7.63,-0.049285889
7.64,0.020141602
7.65,-0.023193359
7.66,0.008239746
7.67,-0.045013428
7.68,-7.63E-04
7.69,-0.029602051
7.7,0.084228516
7.71,0.138092041
7.72,0.349884033
7.73,0.571136475
7.74,0.991363525
7.75,1.409759521
7.76,1.564025879
7.77,1.481628418
7.78,1.402893066
7.79,1.33026123
7.8,1.258392334
7.81,1.19430542
7.82,1.130981445
7.83,1.070709229
7.84,1.014099121
7.85,0.960998535
7.86,0.600280762
7.87,0.095062256
7.88,-0.254364014
7.89,-0.609741211
7.9,-0.771789551
7.91,-0.932617188
7.92,-0.932922363
7.93,-0.985107422
7.94,-0.909881592
7.95,-0.899505615
7.96,-0.803222656
7.97,-0.813293457
7.98,-0.743408203
7.99,-0.823669434
8,-0.874328613
8.01,-1.06048584
8.02,-1.142578125
8.03,-1.298217773
8.04,-1.318511963
8.05,-1.407318115
8.06,-1.318359375
8.07,-1.29196167
8.08,-1.151123047
8.09,-1.107177734
8.1,-0.939788818
8.11,-0.842590332
8.12,-0.648956299
8.13,-0.556335449
8.14,-0.363311768
8.15,-0.257415771
8.16,-0.099639893
8.17,-0.073699951
8.18,-0.017547607
8.19,-0.055847168
8.2,0.009002686
8.21,-0.053100586
8.22,-0.045623779
8.23,-0.115966797
8.24,-0.049743652
8.25,-0.042724609
8.26,0.0831604
8.27,0.145568848
8.28,0.304412842
8.29,0.297393799
8.3,0.331115723
8.31,0.230560303
8.32,0.209350586
8.33,0.079193115
8.34,0.076599121
8.35,-0.013275146
8.36,0.013885498
8.37,-0.030975342
8.38,0.039520264
8.39,0.070800781
8.4,0.222473145
8.41,0.275878906
8.42,0.400695801
8.43,0.389862061
8.44,0.42388916
8.45,0.369110107
8.46,0.357055664
8.47,0.279083252
8.48,0.294494629
8.49,0.221405029
8.5,0.236663818
8.51,0.168609619
8.52,0.210266113
8.53,0.188140869
8.54,0.252380371
8.55,0.218505859
8.56,0.267333984
8.57,0.273132324
8.58,0.379486084
8.59,0.359344482
8.6,0.398101807
8.61,0.317382813
8.62,0.301971436
8.63,0.165710449
8.64,0.112304688
8.65,0.003662109
8.66,0.001068115
8.67,-0.039215088
8.68,0.035247803
8.69,0.016174316
8.7,0.029449463
8.71,-0.066375732
8.72,-0.061187744
8.73,-0.117492676
8.74,-0.057373047
8.75,-0.04776001
8.76,0.122528076
8.77,0.341796875
8.78,0.802764893
8.79,1.268310547
8.8,1.621856689
8.81,1.536865234
8.82,1.45690918
8.83,1.380310059
8.84,1.307220459
8.85,1.237640381
8.86,1.172943115
8.87,1.111755371
8.88,1.052703857
8.89,0.997924805
8.9,0.566253662
8.91,0.033569336
8.92,-0.312957764
8.93,-0.641326904
8.94,-0.742340088
8.95,-0.832061768
8.96,-0.78414917
8.97,-0.785675049
8.98,-0.702972412
8.99,-0.740966797
9,-0.763244629
9.01,-0.899505615
9.02,-0.963439941
9.03,-1.143341064
9.04,-1.273040771
9.05,-1.489257813
9.06,-1.609039307
9.07,-1.764221191
9.08,-1.670379639
9.09,-1.583557129
9.1,-1.500854492
9.11,-1.421813965
9.12,-1.208953857
9.13,-1.000061035
9.14,-0.71182251
9.15,-0.56350708
9.16,-0.398864746
9.17,-0.377044678
9.18,-0.279846191
9.19,-0.31463623
9.2,-0.293884277
9.21,-0.368652344
9.22,-0.316619873
9.23,-0.305328369
9.24,-0.179290771
9.25,-0.147247314
9.26,-0.016326904
9.27,0.045166016
9.28,0.168457031
9.29,0.147705078
9.3,0.166625977
9.31,0.075836182
9.32,0.045166016
9.33,-0.041351318
9.34,-0.017852783
9.35,-0.047149658
9.36,0.057373047
9.37,0.129241943
9.38,0.27633667
9.39,0.352783203
9.4,0.504302979
9.41,0.539398193
9.42,0.608978271
9.43,0.550079346
9.44,0.542144775
9.45,0.438537598
9.46,0.418243408
9.47,0.331268311
9.48,0.331420898
9.49,0.283203125
9.5,0.335235596
9.51,0.297241211
9.52,0.347290039
9.53,0.344848633
9.54,0.43258667
9.55,0.426330566
9.56,0.495300293
9.57,0.482788086
9.58,0.518035889
9.59,0.45791626
9.6,0.438079834
9.61,0.314178467
9.62,0.245361328
9.63,0.112457275
9.64,0.083007813
9.65,0.029449463
9.66,0.082702637
9.67,0.08026123
9.68,0.191802979
9.69,0.238800049
9.7,0.367889404
9.71,0.390014648
9.72,0.471496582
9.73,0.453186035
9.74,0.450439453
9.75,0.339355469
9.76,0.28503418
9.77,0.16494751
9.78,0.118865967
9.79,0.00869751
9.8,0.016937256
9.81,-0.001373291
9.82,0.070648193
9.83,0.081634521
9.84,0.140838623
9.85,0.116271973
9.86,0.171356201
9.87,0.118865967
9.88,0.193939209
9.89,0.284881592
9.9,0.577850342
9.91,0.914459229
9.92,1.415557861
9.93,1.379394531
9.94,1.305999756
9.95,1.23840332
9.96,1.172180176
9.97,1.11114502
9.98,1.053466797
9.99,0.997161865
10,0.944824219
10.01,0.89553833
10.02,0.781707764
10.03,0.18447876
10.04,-0.247192383
10.05,-0.645294189
10.06,-0.844116211
10.07,-0.997924805
10.08,-0.980377197
10.09,-0.969848633
10.1,-0.875549316
10.11,-0.850372314
10.12,-0.773010254
10.13,-0.798339844
10.14,-0.807952881
10.15,-0.976867676
10.16,-1.141967773
10.17,-1.432342529
10.18,-1.63848877
10.19,-1.867828369
10.2,-1.766357422
10.21,-1.674346924
10.22,-1.587524414
10.23,-1.503753662
10.24,-1.423950195
10.25,-1.350250244
10.26,-1.192474365
10.27,-0.974884033
10.28,-0.709686279
10.29,-0.564880371
10.3,-0.405731201
10.31,-0.3565979
10.32,-0.282440186
10.33,-0.317382813
10.34,-0.281524658
10.35,-0.295410156
10.36,-0.244750977
10.37,-0.21484375
10.38,-0.1121521
10.39,-0.068359375
10.4,0.041503906
10.41,0.076446533
10.42,0.168609619
10.43,0.114440918
10.44,0.107116699
10.45,0.019073486
10.46,0.027618408
10.47,-0.006866455
10.48,0.054168701
10.49,0.068054199
10.5,0.176696777
10.51,0.240325928
10.52,0.374603271
10.53,0.427703857
10.54,0.521850586
10.55,0.515594482
10.56,0.557556152
10.57,0.501251221
10.58,0.483398438
10.59,0.396118164
10.6,0.397186279
10.61,0.343017578
10.62,0.37979126
10.63,0.411834717
10.64,0.52154541
10.65,0.553131104
10.66,0.635528564
10.67,0.621643066
10.68,0.654754639
10.69,0.617370605
10.7,0.63079834
10.71,0.537261963
10.72,0.492401123
10.73,0.359954834
10.74,0.277709961
10.75,0.128173828
10.76,0.100250244
10.77,0.047149658
10.78,0.091705322
10.79,0.097961426
10.8,0.183258057
10.81,0.208282471
10.82,0.32623291
10.83,0.361175537
10.84,0.436706543
10.85,0.37979126
10.86,0.373382568
10.87,0.292816162
10.88,0.282745361
10.89,0.217895508
10.9,0.222625732
10.91,0.148468018
10.92,0.159759521
10.93,0.131988525
10.94,0.178070068
10.95,0.145568848
10.96,0.124816895
10.97,-0.01739502
10.98,-0.158691406
10.99,-0.360565186
11,-0.459442139
11.01,-0.562744141
11.02,-0.524139404
11.03,-0.446624756
11.04,-0.156402588
11.05,0.233612061
11.06,0.840759277
11.07,1.416473389
11.08,1.537322998
11.09,1.456604004
11.1,1.379699707
11.11,1.30859375
11.12,1.239624023
11.13,1.174316406
11.14,1.112365723
11.15,1.053619385
11.16,0.998687744
11.17,0.785369873
11.18,0.236358643
11.19,-0.308837891
11.2,-0.653533936
11.21,-0.948181152
11.22,-1.068878174
11.23,-1.181030273
11.24,-1.168365479
11.25,-1.18637085
11.26,-1.136322021
11.27,-1.119689941
11.28,-1.024017334
11.29,-0.992889404
11.3,-0.946960449
11.31,-1.041107178
11.32,-1.154937744
11.33,-1.373138428
11.34,-1.530914307
11.35,-1.621398926
11.36,-1.536560059
11.37,-1.455688477
11.38,-1.379241943
11.39,-1.306915283
11.4,-1.07711792
11.41,-0.912628174
11.42,-0.648956299
11.43,-0.466003418
11.44,-0.206298828
11.45,-0.048522949
11.46,0.110778809
11.47,0.140228271
11.48,0.173034668
11.49,0.118713379
11.5,0.132446289
11.51,0.087738037
11.52,0.154724121
11.53,0.219116211
11.54,0.33996582
11.55,0.398101807
11.56,0.515289307
11.57,0.547637939
11.58,0.620269775
11.59,0.581665039
11.6,0.594329834
11.61,0.52444458
11.62,0.509185791
11.63,0.444641113
11.64,0.425872803
11.65,0.312805176
11.66,0.262451172
11.67,0.123596191
11.68,0.05645752
11.69,-0.064697266
11.7,-0.103607178
11.71,-0.157470703
11.72,-0.134277344
11.73,-0.147857666
11.74,-0.109863281
11.75,-0.124206543
11.76,-0.080108643
11.77,-0.110473633
11.78,-0.068206787
11.79,-0.130767822
11.8,-0.151367188
11.81,-0.256195068
11.82,-0.317230225
11.83,-0.444793701
11.84,-0.543518066
11.85,-0.730743408
11.86,-0.807342529
11.87,-0.892791748
11.88,-0.836791992
11.89,-0.758209229
11.9,-0.561523438
11.91,-0.395050049
11.92,-0.119934082
11.93,0.080718994
11.94,0.330810547
11.95,0.525360107
11.96,0.77255249
11.97,0.946960449
11.98,1.23550415
11.99,1.443786621
12,1.59576416
12.01,1.622619629
12.02,1.660614014
12.03,1.575012207
12.04,1.498565674
12.05,1.335601807
12.06,1.212310791
12.07,1.034851074
12.08,0.903320313
12.09,0.699310303
12.1,0.565643311
12.11,0.379333496
12.12,0.302429199
12.13,0.253601074
12.14,0.363922119
12.15,0.50491333
12.16,0.822296143
12.17,1.166534424
12.18,1.154632568
12.19,1.094055176
12.2,1.035461426
12.21,0.980072021
12.22,0.929718018
12.23,0.880584717
12.24,0.834350586
12.25,0.791320801
12.26,0.749206543
12.27,0.709686279
12.28,0.670776367
12.29,0.579376221
12.3,0.298919678
12.31,0.018310547
12.32,-0.145721436
12.33,-0.319824219
12.34,-0.43258667
12.35,-0.611724854
12.36,-0.742492676
12.37,-0.957794189
12.38,-1.133728027
12.39,-1.355743408
12.4,-1.517486572
12.41,-1.714172363
12.42,-1.855316162
12.43,-1.86920166
12.44,-1.86920166
12.45,-1.868743896
12.46,-1.867980957
12.47,-1.813659668
12.48,-1.717834473
12.49,-1.627044678
12.5,-1.541595459
12.51,-1.460876465
12.52,-1.383209229
12.53,-1.31072998
12.54,-1.181793213
12.55,-0.936737061
12.56,-0.643768311
12.57,-0.466156006
12.58,-0.274658203
12.59,-0.211029053
12.6,-0.122528076
12.61,-0.130462646
12.62,-0.099334717
12.63,-0.123291016
12.64,-0.069122314
12.65,-0.040588379
12.66,0.040893555
12.67,0.056762695
12.68,0.094909668
12.69,0.046691895
12.7,0.045166016
12.71,-0.008239746
12.72,0.020599365
12.73,0.01449585
12.74,0.067596436
12.75,0.056152344
12.76,0.067443848
12.77,-0.012207031
12.78,-0.081481934
12.79,-0.22064209
12.8,-0.278930664
12.81,-0.375671387
12.82,-0.382537842
12.83,-0.41015625
12.84,-0.355682373
12.85,-0.302734375
12.86,-0.131225586
12.87,0.052947998
12.88,0.331878662
12.89,0.547332764
12.9,0.795593262
12.91,0.941467285
12.92,1.09085083
12.93,1.10534668
12.94,1.098022461
12.95,0.96572876
12.96,0.894165039
12.97,0.732879639
12.98,0.588684082
12.99,0.370330811
13,0.234375
13.01,0.08972168
13.02,0.031585693
13.03,-0.052490234
13.04,-0.037841797
13.05,-0.053405762
13.06,-0.011901855
13.07,-0.016479492
13.08,0.040435791
13.09,0.057830811
13.1,0.139465332
13.11,0.144042969
13.12,0.167541504
13.13,0.119476318
13.14,0.144348145
13.15,0.108337402
13.16,0.12588501
13.17,0.151519775
13.18,0.248718262
13.19,0.30960083
13.2,0.492706299
13.21,0.657958984
13.22,0.858154297
13.23,0.980072021
13.24,1.083831787
13.25,1.053009033
13.26,0.969085693
13.27,0.765533447
13.28,0.55770874
13.29,0.282745361
13.3,0.114440918
13.31,0.007629395
13.32,0.144348145
13.33,0.441894531
13.34,0.944366455
13.35,1.37588501
13.36,1.304473877
13.37,1.235198975
13.38,1.171417236
13.39,1.108093262
13.4,1.051025391
13.41,0.994415283
13.42,0.942687988
13.43,0.89263916
13.44,0.845184326
13.45,0.801544189
13.46,0.526733398
13.47,-0.026855469
13.48,-0.459899902
13.49,-0.892333984
13.5,-1.206665039
13.51,-1.492004395
13.52,-1.593322754
13.53,-1.609191895
13.54,-1.441955566
13.55,-1.224365234
13.56,-0.924530029
13.57,-0.757598877
13.58,-0.696563721
13.59,-0.814819336
13.6,-1.00692749
13.61,-1.306762695
13.62,-1.584777832
13.63,-1.771850586
13.64,-1.679534912
13.65,-1.591339111
13.66,-1.507720947
13.67,-1.429901123
13.68,-1.353759766
13.69,-1.28036499
13.7,-1.215820313
13.71,-0.879211426
13.72,-0.472106934
13.73,-0.177612305
13.74,0.061187744
13.75,0.13458252
13.76,0.181884766
13.77,0.159606934
13.78,0.183410645
13.79,0.176849365
13.8,0.220794678
13.81,0.212554932
13.82,0.272979736
13.83,0.272369385
13.84,0.2734375
13.85,0.176086426
13.86,0.066070557
13.87,-0.154876709
13.88,-0.361328125
13.89,-0.567932129
13.9,-0.618896484
13.91,-0.612792969
13.92,-0.46661377
13.93,-0.29296875
13.94,-0.006866455
13.95,0.229492188
13.96,0.479888916
13.97,0.639801025
13.98,0.762176514
13.99,0.738677979
14,0.689086914
14.01,0.495300293
14.02,0.243988037
14.03,-0.078430176
14.04,-0.293884277
14.05,-0.410308838
14.06,-0.336303711
14.07,-0.171508789
14.08,0.137023926
14.09,0.459442139
14.1,0.819854736
14.11,1.044921875
14.12,1.184997559
14.13,1.132965088
14.14,1.071166992
14.15,0.920410156
14.16,0.834350586
14.17,0.687561035
14.18,0.596923828
14.19,0.472412109
14.2,0.405426025
14.21,0.258483887
14.22,0.140686035
14.23,-0.014190674
14.24,-0.115356445
14.25,-0.227966309
14.26,-0.272979736
14.27,-0.325469971
14.28,-0.278320313
14.29,-0.254058838
14.3,-0.131530762
14.31,-0.016326904
14.32,0.171051025
14.33,0.229797363
14.34,0.249176025
14.35,0.146331787
14.36,0.076904297
14.37,-0.020904541
14.38,-0.024414063
14.39,0.026092529
14.4,0.250244141
14.41,0.583343506
14.42,1.097564697
14.43,1.594390869
14.44,1.509552002
14.45,1.430358887
14.46,1.354522705
14.47,1.284332275
14.48,1.216583252
14.49,1.15234375
14.5,1.092224121
14.51,1.034545898
14.52,0.979766846
14.53,0.929412842
14.54,0.713653564
14.55,0.274658203
14.56,-0.112762451
14.57,-0.497589111
14.58,-0.773162842
14.59,-1.033477783
14.6,-1.194915771
14.61,-1.305541992
14.62,-1.280975342
14.63,-1.220397949
14.64,-1.089324951
14.65,-1.059265137
14.66,-1.057281494
14.67,-1.168823242
14.68,-1.287384033
14.69,-1.488647461
14.7,-1.620635986
14.71,-1.718444824
14.72,-1.629486084
14.73,-1.544952393
14.74,-1.46270752
14.75,-1.386108398
14.76,-1.312866211
14.77,-1.2449646
14.78,-1.034393311
14.79,-0.775604248
14.8,-0.516357422
14.81,-0.314788818
14.82,-0.107269287
14.83,0.023651123
14.84,0.13381958
14.85,0.165710449
14.86,0.178527832
14.87,0.098266602
14.88,0.046081543
14.89,-0.041656494
14.9,-0.075073242
14.91,-0.143127441
14.92,-0.127258301
14.93,-0.095977783
14.94,0.031280518
14.95,0.160522461
14.96,0.314941406
14.97,0.370635986
14.98,0.408935547
14.99,0.364379883
15,0.309448242
15.01,0.215759277
15.02,0.167236328
15.03,0.054626465
15.04,0.006408691
15.05,-0.067138672
15.06,-0.082550049
15.07,-0.123291016
15.08,-0.072479248
15.09,-0.019226074
15.1,0.10345459
15.11,0.180511475
15.12,0.32119751
15.13,0.368041992
15.14,0.407409668
15.15,0.397033691
15.16,0.408172607
15.17,0.38192749
15.18,0.394287109
15.19,0.38192749
15.2,0.434570313
15.21,0.457000732
15.22,0.531158447
15.23,0.549316406
15.24,0.568695068
15.25,0.512390137
15.26,0.490264893
15.27,0.437011719
15.28,0.462341309
15.29,0.485687256
15.3,0.568237305
15.31,0.601348877
15.32,0.679321289
15.33,0.728607178
15.34,0.818328857
15.35,0.82901001
15.36,0.81451416
15.37,0.734100342
15.38,0.646362305
15.39,0.483703613
15.4,0.325469971
15.41,0.09475708
15.42,-0.110321045
15.43,-0.323944092
15.44,-0.462188721
15.45,-0.606994629
15.46,-0.634613037
15.47,-0.632324219
15.48,-0.539245605
15.49,-0.365600586
15.5,0.012817383
15.51,0.488128662
15.52,1.034240723
15.53,1.459197998
15.54,1.445770264
15.55,1.369781494
15.56,1.296844482
15.57,1.229553223
15.58,1.164703369
15.59,1.103820801
15.6,0.982971191
15.61,0.561828613
15.62,0.240783691
15.63,-0.027770996
15.64,-0.154418945
15.65,-0.232849121
15.66,-0.238342285
15.67,-0.252075195
15.68,-0.243835449
15.69,-0.271453857
15.7,-0.253753662
15.71,-0.269317627
15.72,-0.247039795
15.73,-0.304718018
15.74,-0.363006592
15.75,-0.532531738
15.76,-0.720825195
15.77,-0.990600586
15.78,-1.215209961
15.79,-1.407318115
15.8,-1.476898193
15.81,-1.500396729
15.82,-1.460876465
15.83,-1.476898193
15.84,-1.426391602
15.85,-1.360931396
15.86,-1.220855713
15.87,-1.072235107
15.88,-0.919647217
15.89,-0.815734863
15.9,-0.683898926
15.91,-0.5909729
15.92,-0.5027771
15.93,-0.482940674
15.94,-0.445556641
15.95,-0.456695557
15.96,-0.43258667
15.97,-0.47744751
15.98,-0.470275879
15.99,-0.482940674
16,-0.47088623
16.01,-0.508575439
16.02,-0.514068604
16.03,-0.536193848
16.04,-0.503387451
16.05,-0.478363037
16.06,-0.3855896
16.07,-0.313110352
16.08,-0.191650391
16.09,-0.089569092
16.1,0.033721924
16.11,0.106658936
16.12,0.205535889
16.13,0.285797119
16.14,0.361175537
16.15,0.377044678
16.16,0.434112549
16.17,0.440368652
16.18,0.491943359
16.19,0.529632568
16.2,0.654144287
16.21,0.77041626
16.22,0.909576416
16.23,1.002349854
16.24,1.088562012
16.25,1.116333008
16.26,1.127319336
16.27,1.041107178
16.28,0.97946167
16.29,0.903320313
16.3,0.875854492
16.31,0.836639404
16.32,0.853271484
16.33,0.835876465
16.34,0.856933594
16.35,0.832672119
16.36,0.781860352
16.37,0.664978027
16.38,0.570068359
16.39,0.446929932
16.4,0.355682373
16.41,0.256500244
16.42,0.223083496
16.43,0.136260986
16.44,0.088043213
16.45,0.016021729
16.46,-0.043945313
16.47,-0.166473389
16.48,-0.239868164
16.49,-0.286407471
16.5,-0.206451416
16.51,-0.043640137
16.52,0.30166626
16.53,0.744628906
16.54,1.275939941
16.55,1.282958984
16.56,1.215362549
16.57,1.150817871
16.58,1.090393066
16.59,1.032409668
16.6,0.978393555
16.61,0.927124023
16.62,0.878753662
16.63,0.582275391
16.64,0.215759277
16.65,-0.182342529
16.66,-0.487670898
16.67,-0.791931152
16.68,-1.020812988
16.69,-1.218109131
16.7,-1.303710938
16.71,-1.334686279
16.72,-1.224822998
16.73,-1.111450195
16.74,-0.958557129
16.75,-0.862884521
16.76,-0.787658691
16.77,-0.843963623
16.78,-0.95123291
16.79,-1.088562012
16.8,-1.176757813
16.81,-1.251831055
16.82,-1.206359863
16.83,-1.117553711
16.84,-0.947875977
16.85,-0.768737793
16.86,-0.564727783
16.87,-0.393218994
16.88,-0.253753662
16.89,-0.242919922
16.9,-0.267181396
16.91,-0.363922119
16.92,-0.442199707
16.93,-0.542602539
16.94,-0.604858398
16.95,-0.674285889
16.96,-0.671539307
16.97,-0.668792725
16.98,-0.614471436
16.99,-0.560913086
17,-0.481719971
17.01,-0.438995361
17.02,-0.412750244
17.03,-0.436706543
17.04,-0.435028076
17.05,-0.449066162
17.06,-0.387878418
17.07,-0.317382813
17.08,-0.178527832
17.09,-0.04486084
17.1,0.106811523
17.11,0.193939209
17.12,0.283660889
17.13,0.33493042
17.14,0.419006348
17.15,0.475616455
17.16,0.511169434
17.17,0.471496582
17.18,0.483093262
17.19,0.465393066
17.2,0.451049805
17.21,0.437927246
17.22,0.465545654
17.23,0.468292236
17.24,0.477142334
17.25,0.440979004
17.26,0.389404297
17.27,0.306854248
17.28,0.285186768
17.29,0.26473999
17.3,0.29296875
17.31,0.276947021
17.32,0.286102295
17.33,0.220794678
17.34,0.150604248
17.35,0.072937012
17.36,0.045776367
17.37,0.034790039
17.38,0.067596436
17.39,0.082397461
17.4,0.170135498
17.41,0.254364014
17.42,0.362243652
17.43,0.396728516
17.44,0.406188965
17.45,0.326385498
17.46,0.249938965
17.47,0.128479004
17.48,0.035705566
17.49,-0.059051514
17.5,-0.037689209
17.51,0.11505127
17.52,0.472869873
17.53,0.9375
17.54,1.473999023
17.55,1.640472412
17.56,1.552734375
17.57,1.471710205
17.58,1.394805908
17.59,1.320953369
17.6,1.251678467
17.61,1.114196777
17.62,0.769042969
17.63,0.404663086
17.64,0.081939697
17.65,-0.206451416
17.66,-0.360870361
17.67,-0.439147949
17.68,-0.422821045
17.69,-0.383758545
17.7,-0.287780762
17.71,-0.193328857
17.72,-0.094909668
17.73,-0.018920898
17.74,0.059356689
17.75,0.082855225
17.76,0.042877197
17.77,-0.102539063
17.78,-0.274353027
17.79,-0.479431152
17.8,-0.628967285
17.81,-0.754394531
17.82,-0.804901123
17.83,-0.808563232
17.84,-0.727386475
17.85,-0.630187988
17.86,-0.478668213
17.87,-0.29083252
17.88,-0.113525391
17.89,-0.006866455
17.9,0.054473877
17.91,0.071411133
17.92,0.090484619
17.93,0.071411133
17.94,0.065307617
17.95,0.042419434
17.96,0.060577393
17.97,0.081787109
17.98,0.151672363
17.99,0.259399414
18,0.427398682
18.01,0.59967041
18.02,0.739135742
18.03,0.848846436
18.04,0.986328125
18.05,1.094207764
18.06,1.193695068
18.07,1.129150391
18.08,1.071166992
18.09,1.015930176
18.1,0.961303711
18.11,0.629577637
18.12,0.22857666
18.13,-0.190429688
18.14,-0.535888672
18.15,-0.839080811
18.16,-1.067352295
18.17,-1.228637695
18.18,-1.335449219
18.19,-1.415863037
18.2,-1.450653076
18.21,-1.496887207
18.22,-1.538238525
18.23,-1.622467041
18.24,-1.698760986
18.25,-1.752471924
18.26,-1.681518555
18.27,-1.594696045
18.28,-1.510620117
18.29,-1.432037354
18.3,-1.356201172
18.31,-1.245574951
18.32,-1.092681885
18.33,-0.991210938
18.34,-0.936126709
18.35,-0.90423584
18.36,-0.890350342
18.37,-0.906829834
18.38,-0.863189697
18.39,-0.774993896
18.4,-0.668182373
18.41,-0.543823242
18.42,-0.395507813
18.43,-0.270996094
18.44,-0.152282715
18.45,-0.066680908
18.46,0.011291504
18.47,0.080871582
18.48,0.13961792
18.49,0.207061768
18.5,0.302734375
18.51,0.394897461
18.52,0.462188721
18.53,0.536956787
18.54,0.688781738
18.55,0.940093994
18.56,1.298828125
18.57,1.698760986
18.58,1.866912842
18.59,1.867370605
18.6,1.867218018
18.61,1.866912842
18.62,1.865539551
18.63,1.770019531
18.64,1.678619385
18.65,1.591644287
18.66,1.136169434
18.67,0.669708252
18.68,0.273742676
18.69,-0.023651123
18.7,-0.238037109
18.71,-0.378570557
18.72,-0.429840088
18.73,-0.471343994
18.74,-0.519104004
18.75,-0.576477051
18.76,-0.606689453
18.77,-0.583343506
18.78,-0.540466309
18.79,-0.515136719
18.8,-0.514984131
18.81,-0.617218018
18.82,-0.77835083
18.83,-0.950927734
18.84,-1.099395752
18.85,-1.205291748
18.86,-1.24786377
18.87,-1.217041016
18.88,-1.098937988
18.89,-0.921020508
18.9,-0.737609863
18.91,-0.587158203
18.92,-0.420837402
18.93,-0.292663574
18.94,-0.17791748
18.95,-0.121002197
18.96,-0.090179443
18.97,-0.076446533
18.98,-0.069885254
18.99,-0.087127686
19,-0.118408203
19.01,-0.121002197
19.02,-0.074005127
19.03,-0.003967285
19.04,0.085906982
19.05,0.157318115
19.06,0.246429443
19.07,0.323486328
19.08,0.352935791
19.09,0.343780518
19.1,0.313110352
19.11,0.269012451
19.12,0.239715576
19.13,0.260772705
19.14,0.28717041
19.15,0.308990479
19.16,0.321350098
19.17,0.329589844
19.18,0.330657959
19.19,0.318145752
19.2,0.333251953
19.21,0.383453369
19.22,0.467224121
19.23,0.510559082
19.24,0.543823242
19.25,0.550689697
19.26,0.558166504
19.27,0.556945801
19.28,0.564727783
19.29,0.578155518
19.3,0.594177246
19.31,0.594024658
19.32,0.535736084
19.33,0.452270508
19.34,0.406341553
19.35,0.377960205
19.36,0.387268066
19.37,0.364379883
19.38,0.328674316
19.39,0.269470215
19.4,0.214385986
19.41,0.176239014
19.42,0.156555176
19.43,0.121917725
19.44,0.083465576
19.45,0.024261475
19.46,-0.027923584
19.47,-0.063171387
19.48,-0.102233887
19.49,-0.149078369
19.5,-0.204925537
19.51,-0.238342285
19.52,-0.220794678
19.53,-0.100402832
19.54,0.160522461
19.55,0.545196533
19.56,1.010131836
19.57,1.484527588
19.58,1.423034668
19.59,1.349334717
19.6,1.278991699
19.61,1.211395264
19.62,1.147613525
19.63,1.087188721
19.64,1.030273438
19.65,0.975494385
19.66,0.692596436
19.67,0.156555176
19.68,-0.286712646
19.69,-0.66192627
19.7,-0.901641846
19.71,-1.023864746
19.72,-1.07131958
19.73,-1.075592041
19.74,-1.022949219
19.75,-0.891876221
19.76,-0.723876953
19.77,-0.569458008
19.78,-0.464782715
19.79,-0.44128418
19.8,-0.486602783
19.81,-0.596008301
19.82,-0.768585205
19.83,-0.982513428
19.84,-1.187896729
19.85,-1.343383789
19.86,-1.40045166
19.87,-1.350250244
19.88,-1.212005615
19.89,-0.968322754
19.9,-0.702209473
19.91,-0.415802002
19.92,-0.170898438
19.93,0.002593994
19.94,0.083770752
19.95,0.101318359
19.96,0.070495605
19.97,0.012207031
19.98,-0.101776123
19.99,-0.163574219
